source_path,historical_source_path,current_source_path,central_path,sha256,bytes,format,theme,theme_label,figure_id,source_family,status,qualification,title,description,note,caption_key,origin_policy,share_sha256,share_bytes
early_earth_analysis_v2/analysis/advisor_figures/notebook/exports/F12_F13_quench_fragment_sizes.pdf,early_earth_analysis_v2/analysis/advisor_figures/notebook/exports/F12_F13_quench_fragment_sizes.pdf,early_earth_analysis_v2/analysis/advisor_figures/notebook/exports/F12_F13_quench_fragment_sizes.pdf,04_quench_and_fragment_size/advisor_figures-notebook-exports__F12_F13_quench_fragment_sizes.pdf,a8b4039a9d309160de5ae1766d43de3895bce7914c1b91d4e1c0121fa469ea9b,673209,pdf,04_quench_and_fragment_size,Quench and fragment size,F12,current-notebook-export,Validated working candidate; author selection open,"Paired hot/quench sizes and connectivity examples, including heavy-atom alternatives. Production endpoints are independent 25-fs quenches; historical shared-412 comparisons use 250-fs endpoints. Author selection remains open.",Quench changes mean and largest fragment sizes,"Four panels show all 3,521 hot/quench pairs by frame number and their paired changes in mean and largest total atom count; the restart is marked.",Quenched points are independent 25-fs endpoints; they do not form a continuous quenched trajectory.,early_earth_analysis_v2/analysis/advisor_figures/notebook/exports/F12_F13_quench_fragment_sizes,Catalog copy; source remains authoritative,a8b4039a9d309160de5ae1766d43de3895bce7914c1b91d4e1c0121fa469ea9b,673209
early_earth_analysis_v2/analysis/advisor_figures/notebook/exports/F12_F13_quench_fragment_sizes.png,early_earth_analysis_v2/analysis/advisor_figures/notebook/exports/F12_F13_quench_fragment_sizes.png,early_earth_analysis_v2/analysis/advisor_figures/notebook/exports/F12_F13_quench_fragment_sizes.png,04_quench_and_fragment_size/advisor_figures-notebook-exports__F12_F13_quench_fragment_sizes.png,0ed496affbe50d88e3bed7eeb8319a7749abe7a5708facbf98c4c5ab221280f2,1026638,png,04_quench_and_fragment_size,Quench and fragment size,F12,current-notebook-export,Validated working candidate; author selection open,"Paired hot/quench sizes and connectivity examples, including heavy-atom alternatives. Production endpoints are independent 25-fs quenches; historical shared-412 comparisons use 250-fs endpoints. Author selection remains open.",Quench changes mean and largest fragment sizes,"Four panels show all 3,521 hot/quench pairs by frame number and their paired changes in mean and largest total atom count; the restart is marked.",Quenched points are independent 25-fs endpoints; they do not form a continuous quenched trajectory.,early_earth_analysis_v2/analysis/advisor_figures/notebook/exports/F12_F13_quench_fragment_sizes,Catalog copy; source remains authoritative,0ed496affbe50d88e3bed7eeb8319a7749abe7a5708facbf98c4c5ab221280f2,1026638
early_earth_analysis_v2/analysis/advisor_figures/notebook/exports/F14_same_atoms_connectivity.pdf,early_earth_analysis_v2/analysis/advisor_figures/notebook/exports/F14_same_atoms_connectivity.pdf,early_earth_analysis_v2/analysis/advisor_figures/notebook/exports/F14_same_atoms_connectivity.pdf,04_quench_and_fragment_size/advisor_figures-notebook-exports__F14_same_atoms_connectivity.pdf,d1f9b4ac7713f54cb3b29707b105a5966fc971d11403a5fd6b89c494fd101d45,20138,pdf,04_quench_and_fragment_size,Quench and fragment size,F14,current-notebook-export,Validated working candidate; author selection open,"Paired hot/quench sizes and connectivity examples, including heavy-atom alternatives. Production endpoints are independent 25-fs quenches; historical shared-412 comparisons use 250-fs endpoints. Author selection remains open.",A ten-atom connectivity example before and after quench,Aligned views of the same ten frame-447 atoms show hot 9+1 components becoming one quenched component through one additional C–H cutoff connection.,"This source-bound selected example shows endpoint connectivity, without assigning a reaction mechanism or representative frequency.",early_earth_analysis_v2/analysis/advisor_figures/notebook/exports/F14_same_atoms_connectivity,Catalog copy; source remains authoritative,d1f9b4ac7713f54cb3b29707b105a5966fc971d11403a5fd6b89c494fd101d45,20138
early_earth_analysis_v2/analysis/advisor_figures/notebook/exports/F14_same_atoms_connectivity.png,early_earth_analysis_v2/analysis/advisor_figures/notebook/exports/F14_same_atoms_connectivity.png,early_earth_analysis_v2/analysis/advisor_figures/notebook/exports/F14_same_atoms_connectivity.png,04_quench_and_fragment_size/advisor_figures-notebook-exports__F14_same_atoms_connectivity.png,cfd81a2f9f1884a372863b9c21d63b241d398f77acb9cc5c9cdfff86697aded7,236738,png,04_quench_and_fragment_size,Quench and fragment size,F14,current-notebook-export,Validated working candidate; author selection open,"Paired hot/quench sizes and connectivity examples, including heavy-atom alternatives. Production endpoints are independent 25-fs quenches; historical shared-412 comparisons use 250-fs endpoints. Author selection remains open.",A ten-atom connectivity example before and after quench,Aligned views of the same ten frame-447 atoms show hot 9+1 components becoming one quenched component through one additional C–H cutoff connection.,"This source-bound selected example shows endpoint connectivity, without assigning a reaction mechanism or representative frequency.",early_earth_analysis_v2/analysis/advisor_figures/notebook/exports/F14_same_atoms_connectivity,Catalog copy; source remains authoritative,cfd81a2f9f1884a372863b9c21d63b241d398f77acb9cc5c9cdfff86697aded7,236738
early_earth_analysis_v2/analysis/advisor_figures/notebook/exports/F16_unique_strings_by_size.pdf,early_earth_analysis_v2/analysis/advisor_figures/notebook/exports/F16_unique_strings_by_size.pdf,early_earth_analysis_v2/analysis/advisor_figures/notebook/exports/F16_unique_strings_by_size.pdf,05_composition_recurrence_and_topology/advisor_figures-notebook-exports__F16_unique_strings_by_size.pdf,9b9ff3be7816aa207bb796942e42d556c5ff90d43d41892b40e6525813cfdd11,18806,pdf,05_composition_recurrence_and_topology,"Composition, recurrence and topology",F16,current-notebook-export,Validated working candidate; author selection open,"Variety versus abundance, compositions, architecture, recurrence and topology motifs. Emitted strings, exact graphs and fragment occurrences have different denominators. F18 motifs are topology and clusters are browsing aids.",Which total sizes supply the most string variety?,"Each of the 10,259,647 union strings counts once in this size histogram; the mode is 22 atoms and the full range is 1–92, including H.","Distinct emitted strings are representation-dependent; repeated occurrences are sampled observations, not confirmed species or yields.",early_earth_analysis_v2/analysis/advisor_figures/notebook/exports/F16_unique_strings_by_size,Catalog copy; source remains authoritative,9b9ff3be7816aa207bb796942e42d556c5ff90d43d41892b40e6525813cfdd11,18806
early_earth_analysis_v2/analysis/advisor_figures/notebook/exports/F16_unique_strings_by_size.png,early_earth_analysis_v2/analysis/advisor_figures/notebook/exports/F16_unique_strings_by_size.png,early_earth_analysis_v2/analysis/advisor_figures/notebook/exports/F16_unique_strings_by_size.png,05_composition_recurrence_and_topology/advisor_figures-notebook-exports__F16_unique_strings_by_size.png,3c44e545df404b04d68f9526974bfbaebc1bc263fc7298c2b9181ad807446969,125455,png,05_composition_recurrence_and_topology,"Composition, recurrence and topology",F16,current-notebook-export,Validated working candidate; author selection open,"Variety versus abundance, compositions, architecture, recurrence and topology motifs. Emitted strings, exact graphs and fragment occurrences have different denominators. F18 motifs are topology and clusters are browsing aids.",Which total sizes supply the most string variety?,"Each of the 10,259,647 union strings counts once in this size histogram; the mode is 22 atoms and the full range is 1–92, including H.","Distinct emitted strings are representation-dependent; repeated occurrences are sampled observations, not confirmed species or yields.",early_earth_analysis_v2/analysis/advisor_figures/notebook/exports/F16_unique_strings_by_size,Catalog copy; source remains authoritative,3c44e545df404b04d68f9526974bfbaebc1bc263fc7298c2b9181ad807446969,125455
early_earth_analysis_v2/analysis/advisor_figures/notebook/exports/F17_variety_vs_abundance.pdf,early_earth_analysis_v2/analysis/advisor_figures/notebook/exports/F17_variety_vs_abundance.pdf,early_earth_analysis_v2/analysis/advisor_figures/notebook/exports/F17_variety_vs_abundance.pdf,05_composition_recurrence_and_topology/advisor_figures-notebook-exports__F17_variety_vs_abundance.pdf,0d2b0a97530cb1a562e914792e92cb95d42695cad9aaf0d51b0050efce8133bb,21835,pdf,05_composition_recurrence_and_topology,"Composition, recurrence and topology",F17,current-notebook-export,Validated working candidate; author selection open,"Variety versus abundance, compositions, architecture, recurrence and topology motifs. Emitted strings, exact graphs and fragment occurrences have different denominators. F18 motifs are topology and clusters are browsing aids.","Large string variety, small-fragment abundance","Size distributions and cumulative curves distinguish union string variety from repeated hot and quenched occurrences: median sizes are 23 and 3 total atoms, respectively.","Distinct emitted strings are representation-dependent; repeated occurrences are sampled observations, not confirmed species or yields. Each curve has its own denominator.",early_earth_analysis_v2/analysis/advisor_figures/notebook/exports/F17_variety_vs_abundance,Catalog copy; source remains authoritative,0d2b0a97530cb1a562e914792e92cb95d42695cad9aaf0d51b0050efce8133bb,21835
early_earth_analysis_v2/analysis/advisor_figures/notebook/exports/F17_variety_vs_abundance.png,early_earth_analysis_v2/analysis/advisor_figures/notebook/exports/F17_variety_vs_abundance.png,early_earth_analysis_v2/analysis/advisor_figures/notebook/exports/F17_variety_vs_abundance.png,05_composition_recurrence_and_topology/advisor_figures-notebook-exports__F17_variety_vs_abundance.png,d0414c846649d0e4fe341791f705019b0bf2e2d581616e33e9d028c54f989c18,209929,png,05_composition_recurrence_and_topology,"Composition, recurrence and topology",F17,current-notebook-export,Validated working candidate; author selection open,"Variety versus abundance, compositions, architecture, recurrence and topology motifs. Emitted strings, exact graphs and fragment occurrences have different denominators. F18 motifs are topology and clusters are browsing aids.","Large string variety, small-fragment abundance","Size distributions and cumulative curves distinguish union string variety from repeated hot and quenched occurrences: median sizes are 23 and 3 total atoms, respectively.","Distinct emitted strings are representation-dependent; repeated occurrences are sampled observations, not confirmed species or yields. Each curve has its own denominator.",early_earth_analysis_v2/analysis/advisor_figures/notebook/exports/F17_variety_vs_abundance,Catalog copy; source remains authoritative,d0414c846649d0e4fe341791f705019b0bf2e2d581616e33e9d028c54f989c18,209929
early_earth_analysis_v2/analysis/advisor_figures/notebook/exports/F18_composition_architecture.pdf,early_earth_analysis_v2/analysis/advisor_figures/notebook/exports/F18_composition_architecture.pdf,early_earth_analysis_v2/analysis/advisor_figures/notebook/exports/F18_composition_architecture.pdf,05_composition_recurrence_and_topology/advisor_figures-notebook-exports__F18_composition_architecture.pdf,818bc2936f6616fb28c9c4875cf81f469a73bd573fd8f38d846f016393277189,18462,pdf,05_composition_recurrence_and_topology,"Composition, recurrence and topology",F18,current-notebook-export,Validated working candidate; author selection open,"Variety versus abundance, compositions, architecture, recurrence and topology motifs. Emitted strings, exact graphs and fragment occurrences have different denominators. F18 motifs are topology and clusters are browsing aids.",Composition and architecture of the string catalog,"Two panels compare distinct-string and occurrence shares by element composition across the full catalog, and by heavy-skeleton architecture among carbon-containing strings.","These classes describe observed connectivity. They do not assign bond orders, chemical functional groups, electronic validity, or stability. Each series is separately normalized.",early_earth_analysis_v2/analysis/advisor_figures/notebook/exports/F18_composition_architecture,Catalog copy; source remains authoritative,818bc2936f6616fb28c9c4875cf81f469a73bd573fd8f38d846f016393277189,18462
early_earth_analysis_v2/analysis/advisor_figures/notebook/exports/F18_composition_architecture.png,early_earth_analysis_v2/analysis/advisor_figures/notebook/exports/F18_composition_architecture.png,early_earth_analysis_v2/analysis/advisor_figures/notebook/exports/F18_composition_architecture.png,05_composition_recurrence_and_topology/advisor_figures-notebook-exports__F18_composition_architecture.png,9f876abbc1659719d8bff83e49068401ae39786d7436833dbcad3df20896e691,160252,png,05_composition_recurrence_and_topology,"Composition, recurrence and topology",F18,current-notebook-export,Validated working candidate; author selection open,"Variety versus abundance, compositions, architecture, recurrence and topology motifs. Emitted strings, exact graphs and fragment occurrences have different denominators. F18 motifs are topology and clusters are browsing aids.",Composition and architecture of the string catalog,"Two panels compare distinct-string and occurrence shares by element composition across the full catalog, and by heavy-skeleton architecture among carbon-containing strings.","These classes describe observed connectivity. They do not assign bond orders, chemical functional groups, electronic validity, or stability. Each series is separately normalized.",early_earth_analysis_v2/analysis/advisor_figures/notebook/exports/F18_composition_architecture,Catalog copy; source remains authoritative,9f876abbc1659719d8bff83e49068401ae39786d7436833dbcad3df20896e691,160252
early_earth_analysis_v2/analysis/advisor_figures/notebook/exports/F18_connectivity_motifs.pdf,early_earth_analysis_v2/analysis/advisor_figures/notebook/exports/F18_connectivity_motifs.pdf,early_earth_analysis_v2/analysis/advisor_figures/notebook/exports/F18_connectivity_motifs.pdf,05_composition_recurrence_and_topology/advisor_figures-notebook-exports__F18_connectivity_motifs.pdf,75d83a1e3e60d41b2a98091ae75d3c7e61ca4c04dfffe61c6a6b0dd1c4a24a5a,19427,pdf,05_composition_recurrence_and_topology,"Composition, recurrence and topology",F18,current-notebook-export,Validated working candidate; author selection open,"Variety versus abundance, compositions, architecture, recurrence and topology motifs. Emitted strings, exact graphs and fragment occurrences have different denominators. F18 motifs are topology and clusters are browsing aids.",Local element-neighbor motifs in both states,Overlapping topology motifs are compared using a common size distribution for distinct carbon strings and state-specific carbon-occurrence weights.,"These classes describe observed connectivity. They do not assign bond orders, chemical functional groups, electronic validity, or stability. Motif percentages do not sum to 100.",early_earth_analysis_v2/analysis/advisor_figures/notebook/exports/F18_connectivity_motifs,Catalog copy; source remains authoritative,75d83a1e3e60d41b2a98091ae75d3c7e61ca4c04dfffe61c6a6b0dd1c4a24a5a,19427
early_earth_analysis_v2/analysis/advisor_figures/notebook/exports/F18_connectivity_motifs.png,early_earth_analysis_v2/analysis/advisor_figures/notebook/exports/F18_connectivity_motifs.png,early_earth_analysis_v2/analysis/advisor_figures/notebook/exports/F18_connectivity_motifs.png,05_composition_recurrence_and_topology/advisor_figures-notebook-exports__F18_connectivity_motifs.png,f57190ef2ee7df54a9b57e34e15723a30677d6eddfe5e45b58666d281869c468,192946,png,05_composition_recurrence_and_topology,"Composition, recurrence and topology",F18,current-notebook-export,Validated working candidate; author selection open,"Variety versus abundance, compositions, architecture, recurrence and topology motifs. Emitted strings, exact graphs and fragment occurrences have different denominators. F18 motifs are topology and clusters are browsing aids.",Local element-neighbor motifs in both states,Overlapping topology motifs are compared using a common size distribution for distinct carbon strings and state-specific carbon-occurrence weights.,"These classes describe observed connectivity. They do not assign bond orders, chemical functional groups, electronic validity, or stability. Motif percentages do not sum to 100.",early_earth_analysis_v2/analysis/advisor_figures/notebook/exports/F18_connectivity_motifs,Catalog copy; source remains authoritative,f57190ef2ee7df54a9b57e34e15723a30677d6eddfe5e45b58666d281869c468,192946
early_earth_analysis_v2/analysis/advisor_figures/notebook/exports/F18_recurrence_variety_abundance.pdf,early_earth_analysis_v2/analysis/advisor_figures/notebook/exports/F18_recurrence_variety_abundance.pdf,early_earth_analysis_v2/analysis/advisor_figures/notebook/exports/F18_recurrence_variety_abundance.pdf,05_composition_recurrence_and_topology/advisor_figures-notebook-exports__F18_recurrence_variety_abundance.pdf,e5768cd3d012018895c0b9ccdf50fa8d6949c5ebf53148cf13005dbf8bb8efe4,18211,pdf,05_composition_recurrence_and_topology,"Composition, recurrence and topology",F18,current-notebook-export,Validated working candidate; author selection open,"Variety versus abundance, compositions, architecture, recurrence and topology motifs. Emitted strings, exact graphs and fragment occurrences have different denominators. F18 motifs are topology and clusters are browsing aids.",Most varieties are rare; most occurrences are recurrent,"Carbon-string recurrence bins show 74.48% of varieties in one sampled pair, while strings present in at least 1,000 pairs account for over 99.5% of carbon-fragment occurrences.","Presence in either state is counted across 3,521 sampled pairs; recurrence is not lifetime or stability.",early_earth_analysis_v2/analysis/advisor_figures/notebook/exports/F18_recurrence_variety_abundance,Catalog copy; source remains authoritative,e5768cd3d012018895c0b9ccdf50fa8d6949c5ebf53148cf13005dbf8bb8efe4,18211
early_earth_analysis_v2/analysis/advisor_figures/notebook/exports/F18_recurrence_variety_abundance.png,early_earth_analysis_v2/analysis/advisor_figures/notebook/exports/F18_recurrence_variety_abundance.png,early_earth_analysis_v2/analysis/advisor_figures/notebook/exports/F18_recurrence_variety_abundance.png,05_composition_recurrence_and_topology/advisor_figures-notebook-exports__F18_recurrence_variety_abundance.png,32246306479949b2cb62aad76a28e2830c395b7e0540c70c4aab59e2d7c65b89,168038,png,05_composition_recurrence_and_topology,"Composition, recurrence and topology",F18,current-notebook-export,Validated working candidate; author selection open,"Variety versus abundance, compositions, architecture, recurrence and topology motifs. Emitted strings, exact graphs and fragment occurrences have different denominators. F18 motifs are topology and clusters are browsing aids.",Most varieties are rare; most occurrences are recurrent,"Carbon-string recurrence bins show 74.48% of varieties in one sampled pair, while strings present in at least 1,000 pairs account for over 99.5% of carbon-fragment occurrences.","Presence in either state is counted across 3,521 sampled pairs; recurrence is not lifetime or stability.",early_earth_analysis_v2/analysis/advisor_figures/notebook/exports/F18_recurrence_variety_abundance,Catalog copy; source remains authoritative,32246306479949b2cb62aad76a28e2830c395b7e0540c70c4aab59e2d7c65b89,168038
early_earth_analysis_v2/analysis/advisor_figures/notebook/exports/F19_filtered_mean_heavy_atoms_vs_frame_excluding_H_only.pdf,early_earth_analysis_v2/analysis/advisor_figures/notebook/exports/F19_filtered_mean_heavy_atoms_vs_frame_excluding_H_only.pdf,early_earth_analysis_v2/analysis/advisor_figures/notebook/exports/F19_filtered_mean_heavy_atoms_vs_frame_excluding_H_only.pdf,04_quench_and_fragment_size/advisor_figures-notebook-exports__F19_filtered_mean_heavy_atoms_vs_frame_excluding_H_only.pdf,10587fb844ebc63ab458065c80f68e449f5d7dc89f6131b89f02dcdbc0a8861b,129184,pdf,04_quench_and_fragment_size,Quench and fragment size,F19,current-notebook-export,Validated working candidate; author selection open,"Paired hot/quench sizes and connectivity examples, including heavy-atom alternatives. Production endpoints are independent 25-fs quenches; historical shared-412 comparisons use 250-fs endpoints. Author selection remains open. Filtered means exclude starting compositions and single-total-atom fragments; inclusion/exclusion of hydrogen-only fragments is explicit in the view.",Filtered heavy-atom means: H-only fragments excluded,Blue hot and orange quenched scatters compare C+N+O atoms per retained heavy-bearing fragment after excluding starting formulas and one-total-atom fragments; means are 2.09970 and 2.52522.,"Removes H2, H2O, CO, NH3, and CH4 compositions, including reformed matches. OH, NH2, and CH3 remain. Frame zero has no eligible fragments and is omitted; 3,520 frame means are defined.",early_earth_analysis_v2/analysis/advisor_figures/notebook/exports/F19_filtered_mean_heavy_atoms_vs_frame_excluding_H_only,Catalog copy; source remains authoritative,10587fb844ebc63ab458065c80f68e449f5d7dc89f6131b89f02dcdbc0a8861b,129184
early_earth_analysis_v2/analysis/advisor_figures/notebook/exports/F19_filtered_mean_heavy_atoms_vs_frame_excluding_H_only.png,early_earth_analysis_v2/analysis/advisor_figures/notebook/exports/F19_filtered_mean_heavy_atoms_vs_frame_excluding_H_only.png,early_earth_analysis_v2/analysis/advisor_figures/notebook/exports/F19_filtered_mean_heavy_atoms_vs_frame_excluding_H_only.png,04_quench_and_fragment_size/advisor_figures-notebook-exports__F19_filtered_mean_heavy_atoms_vs_frame_excluding_H_only.png,c154bb3857184884fe9588db17005e495b0ddf48bf1274c95e47cadb9ba64a25,257835,png,04_quench_and_fragment_size,Quench and fragment size,F19,current-notebook-export,Validated working candidate; author selection open,"Paired hot/quench sizes and connectivity examples, including heavy-atom alternatives. Production endpoints are independent 25-fs quenches; historical shared-412 comparisons use 250-fs endpoints. Author selection remains open. Filtered means exclude starting compositions and single-total-atom fragments; inclusion/exclusion of hydrogen-only fragments is explicit in the view.",Filtered heavy-atom means: H-only fragments excluded,Blue hot and orange quenched scatters compare C+N+O atoms per retained heavy-bearing fragment after excluding starting formulas and one-total-atom fragments; means are 2.09970 and 2.52522.,"Removes H2, H2O, CO, NH3, and CH4 compositions, including reformed matches. OH, NH2, and CH3 remain. Frame zero has no eligible fragments and is omitted; 3,520 frame means are defined.",early_earth_analysis_v2/analysis/advisor_figures/notebook/exports/F19_filtered_mean_heavy_atoms_vs_frame_excluding_H_only,Catalog copy; source remains authoritative,c154bb3857184884fe9588db17005e495b0ddf48bf1274c95e47cadb9ba64a25,257835
early_earth_analysis_v2/analysis/advisor_figures/notebook/exports/F19_filtered_mean_heavy_atoms_vs_frame_including_H_only.pdf,early_earth_analysis_v2/analysis/advisor_figures/notebook/exports/F19_filtered_mean_heavy_atoms_vs_frame_including_H_only.pdf,early_earth_analysis_v2/analysis/advisor_figures/notebook/exports/F19_filtered_mean_heavy_atoms_vs_frame_including_H_only.pdf,04_quench_and_fragment_size/advisor_figures-notebook-exports__F19_filtered_mean_heavy_atoms_vs_frame_including_H_only.pdf,1b311da7ff9b299234d3f6392a2c9ccc30ad5e4fcc420fdcd5efb98fec789c73,128933,pdf,04_quench_and_fragment_size,Quench and fragment size,F19,current-notebook-export,Validated working candidate; author selection open,"Paired hot/quench sizes and connectivity examples, including heavy-atom alternatives. Production endpoints are independent 25-fs quenches; historical shared-412 comparisons use 250-fs endpoints. Author selection remains open. Filtered means exclude starting compositions and single-total-atom fragments; inclusion/exclusion of hydrogen-only fragments is explicit in the view.",Filtered heavy-atom means: residual H-only fragments included,Blue hot and orange quenched scatters count residual H-only fragments as zero after starting-formula and one-total-atom exclusions; means are 2.09943 and 2.52496 heavy atoms.,"Removes H2, H2O, CO, NH3, and CH4 compositions, including reformed matches. OH, NH2, and CH3 remain. Frame zero is undefined and omitted; 3,520 frame means remain.",early_earth_analysis_v2/analysis/advisor_figures/notebook/exports/F19_filtered_mean_heavy_atoms_vs_frame_including_H_only,Catalog copy; source remains authoritative,1b311da7ff9b299234d3f6392a2c9ccc30ad5e4fcc420fdcd5efb98fec789c73,128933
early_earth_analysis_v2/analysis/advisor_figures/notebook/exports/F19_filtered_mean_heavy_atoms_vs_frame_including_H_only.png,early_earth_analysis_v2/analysis/advisor_figures/notebook/exports/F19_filtered_mean_heavy_atoms_vs_frame_including_H_only.png,early_earth_analysis_v2/analysis/advisor_figures/notebook/exports/F19_filtered_mean_heavy_atoms_vs_frame_including_H_only.png,04_quench_and_fragment_size/advisor_figures-notebook-exports__F19_filtered_mean_heavy_atoms_vs_frame_including_H_only.png,b3b7efc605b10e3c82c819445865ac2b469a1bda37c7455e319d5f51cdb08d04,258635,png,04_quench_and_fragment_size,Quench and fragment size,F19,current-notebook-export,Validated working candidate; author selection open,"Paired hot/quench sizes and connectivity examples, including heavy-atom alternatives. Production endpoints are independent 25-fs quenches; historical shared-412 comparisons use 250-fs endpoints. Author selection remains open. Filtered means exclude starting compositions and single-total-atom fragments; inclusion/exclusion of hydrogen-only fragments is explicit in the view.",Filtered heavy-atom means: residual H-only fragments included,Blue hot and orange quenched scatters count residual H-only fragments as zero after starting-formula and one-total-atom exclusions; means are 2.09943 and 2.52496 heavy atoms.,"Removes H2, H2O, CO, NH3, and CH4 compositions, including reformed matches. OH, NH2, and CH3 remain. Frame zero is undefined and omitted; 3,520 frame means remain.",early_earth_analysis_v2/analysis/advisor_figures/notebook/exports/F19_filtered_mean_heavy_atoms_vs_frame_including_H_only,Catalog copy; source remains authoritative,b3b7efc605b10e3c82c819445865ac2b469a1bda37c7455e319d5f51cdb08d04,258635
early_earth_analysis_v2/analysis/advisor_figures/notebook/exports/F19_heavy_atom_frame_sizes.pdf,early_earth_analysis_v2/analysis/advisor_figures/notebook/exports/F19_heavy_atom_frame_sizes.pdf,early_earth_analysis_v2/analysis/advisor_figures/notebook/exports/F19_heavy_atom_frame_sizes.pdf,04_quench_and_fragment_size/advisor_figures-notebook-exports__F19_heavy_atom_frame_sizes.pdf,9018d0d4d0a01add2ca153e2682fb3b651cdc43ea82f76e07deab50b54ad4741,531121,pdf,04_quench_and_fragment_size,Quench and fragment size,F19,current-notebook-export,Validated working candidate; author selection open,"Paired hot/quench sizes and connectivity examples, including heavy-atom alternatives. Production endpoints are independent 25-fs quenches; historical shared-412 comparisons use 250-fs endpoints. Author selection remains open.",Heavy-atom means and maxima across the run,"Panels contrast C+N+O means over all fragments, means over heavy-bearing fragments, and per-frame maxima, together with paired quenched-minus-hot changes.","All 3,521 original-DCD hot/quench pairs. Original component membership and H bridges are retained. H-only fragments contribute zeros only to the all-fragment mean.",early_earth_analysis_v2/analysis/advisor_figures/notebook/exports/F19_heavy_atom_frame_sizes,Catalog copy; source remains authoritative,9018d0d4d0a01add2ca153e2682fb3b651cdc43ea82f76e07deab50b54ad4741,531121
early_earth_analysis_v2/analysis/advisor_figures/notebook/exports/F19_heavy_atom_frame_sizes.png,early_earth_analysis_v2/analysis/advisor_figures/notebook/exports/F19_heavy_atom_frame_sizes.png,early_earth_analysis_v2/analysis/advisor_figures/notebook/exports/F19_heavy_atom_frame_sizes.png,04_quench_and_fragment_size/advisor_figures-notebook-exports__F19_heavy_atom_frame_sizes.png,e10413df8cef5bdd86b6d7c0731f84ac043e8b269c6c961d40d3ed58128cb536,920420,png,04_quench_and_fragment_size,Quench and fragment size,F19,current-notebook-export,Validated working candidate; author selection open,"Paired hot/quench sizes and connectivity examples, including heavy-atom alternatives. Production endpoints are independent 25-fs quenches; historical shared-412 comparisons use 250-fs endpoints. Author selection remains open.",Heavy-atom means and maxima across the run,"Panels contrast C+N+O means over all fragments, means over heavy-bearing fragments, and per-frame maxima, together with paired quenched-minus-hot changes.","All 3,521 original-DCD hot/quench pairs. Original component membership and H bridges are retained. H-only fragments contribute zeros only to the all-fragment mean.",early_earth_analysis_v2/analysis/advisor_figures/notebook/exports/F19_heavy_atom_frame_sizes,Catalog copy; source remains authoritative,e10413df8cef5bdd86b6d7c0731f84ac043e8b269c6c961d40d3ed58128cb536,920420
early_earth_analysis_v2/analysis/advisor_figures/notebook/exports/F19_mean_heavy_atoms_vs_frame_excluding_H_only.pdf,early_earth_analysis_v2/analysis/advisor_figures/notebook/exports/F19_mean_heavy_atoms_vs_frame_excluding_H_only.pdf,early_earth_analysis_v2/analysis/advisor_figures/notebook/exports/F19_mean_heavy_atoms_vs_frame_excluding_H_only.pdf,04_quench_and_fragment_size/advisor_figures-notebook-exports__F19_mean_heavy_atoms_vs_frame_excluding_H_only.pdf,c8e7f92131fdeddd327bc85a2e7d796edabbd3bec2a480769df8eb67a9d62de1,57777,pdf,04_quench_and_fragment_size,Quench and fragment size,F19,current-notebook-export,Validated working candidate; author selection open,"Paired hot/quench sizes and connectivity examples, including heavy-atom alternatives. Production endpoints are independent 25-fs quenches; historical shared-412 comparisons use 250-fs endpoints. Author selection remains open.",Heavy-atom means among heavy-bearing fragments,Blue hot and orange quenched points compare C+N+O atoms per fragment after omitting H-only fragments; the cohort means are 1.36426 and 1.37179.,"All 3,521 original-DCD hot/quench pairs; axes match the including-H-only version. Connectivity and H bridges are retained.",early_earth_analysis_v2/analysis/advisor_figures/notebook/exports/F19_mean_heavy_atoms_vs_frame_excluding_H_only,Catalog copy; source remains authoritative,c8e7f92131fdeddd327bc85a2e7d796edabbd3bec2a480769df8eb67a9d62de1,57777
early_earth_analysis_v2/analysis/advisor_figures/notebook/exports/F19_mean_heavy_atoms_vs_frame_excluding_H_only.png,early_earth_analysis_v2/analysis/advisor_figures/notebook/exports/F19_mean_heavy_atoms_vs_frame_excluding_H_only.png,early_earth_analysis_v2/analysis/advisor_figures/notebook/exports/F19_mean_heavy_atoms_vs_frame_excluding_H_only.png,04_quench_and_fragment_size/advisor_figures-notebook-exports__F19_mean_heavy_atoms_vs_frame_excluding_H_only.png,e48e5181aeffd69b85a2703f94c56e3a77d2978a42d5fc12b820896283ec7002,154215,png,04_quench_and_fragment_size,Quench and fragment size,F19,current-notebook-export,Validated working candidate; author selection open,"Paired hot/quench sizes and connectivity examples, including heavy-atom alternatives. Production endpoints are independent 25-fs quenches; historical shared-412 comparisons use 250-fs endpoints. Author selection remains open.",Heavy-atom means among heavy-bearing fragments,Blue hot and orange quenched points compare C+N+O atoms per fragment after omitting H-only fragments; the cohort means are 1.36426 and 1.37179.,"All 3,521 original-DCD hot/quench pairs; axes match the including-H-only version. Connectivity and H bridges are retained.",early_earth_analysis_v2/analysis/advisor_figures/notebook/exports/F19_mean_heavy_atoms_vs_frame_excluding_H_only,Catalog copy; source remains authoritative,e48e5181aeffd69b85a2703f94c56e3a77d2978a42d5fc12b820896283ec7002,154215
early_earth_analysis_v2/analysis/advisor_figures/notebook/exports/F19_mean_heavy_atoms_vs_frame_including_H_only.pdf,early_earth_analysis_v2/analysis/advisor_figures/notebook/exports/F19_mean_heavy_atoms_vs_frame_including_H_only.pdf,early_earth_analysis_v2/analysis/advisor_figures/notebook/exports/F19_mean_heavy_atoms_vs_frame_including_H_only.pdf,04_quench_and_fragment_size/advisor_figures-notebook-exports__F19_mean_heavy_atoms_vs_frame_including_H_only.pdf,a99628cc3cf1e09f4a09a4454c5b9fca9400ff910c89c03d3b0d850124f37214,78171,pdf,04_quench_and_fragment_size,Quench and fragment size,F19,current-notebook-export,Validated working candidate; author selection open,"Paired hot/quench sizes and connectivity examples, including heavy-atom alternatives. Production endpoints are independent 25-fs quenches; historical shared-412 comparisons use 250-fs endpoints. Author selection remains open.",Heavy-atom means over all original fragments,"Blue hot and orange quenched points count H-only fragments as zero, giving cohort means of 1.05889 and 1.19189 C+N+O atoms per fragment.","All 3,521 original-DCD hot/quench pairs; axes match the excluding-H-only version. The contrast exposes the denominator contribution of H-only fragments.",early_earth_analysis_v2/analysis/advisor_figures/notebook/exports/F19_mean_heavy_atoms_vs_frame_including_H_only,Catalog copy; source remains authoritative,a99628cc3cf1e09f4a09a4454c5b9fca9400ff910c89c03d3b0d850124f37214,78171
early_earth_analysis_v2/analysis/advisor_figures/notebook/exports/F19_mean_heavy_atoms_vs_frame_including_H_only.png,early_earth_analysis_v2/analysis/advisor_figures/notebook/exports/F19_mean_heavy_atoms_vs_frame_including_H_only.png,early_earth_analysis_v2/analysis/advisor_figures/notebook/exports/F19_mean_heavy_atoms_vs_frame_including_H_only.png,04_quench_and_fragment_size/advisor_figures-notebook-exports__F19_mean_heavy_atoms_vs_frame_including_H_only.png,75899e28be9edb39c3377b99f8625f242a25d6416610cac906a79d02b370bb00,216613,png,04_quench_and_fragment_size,Quench and fragment size,F19,current-notebook-export,Validated working candidate; author selection open,"Paired hot/quench sizes and connectivity examples, including heavy-atom alternatives. Production endpoints are independent 25-fs quenches; historical shared-412 comparisons use 250-fs endpoints. Author selection remains open.",Heavy-atom means over all original fragments,"Blue hot and orange quenched points count H-only fragments as zero, giving cohort means of 1.05889 and 1.19189 C+N+O atoms per fragment.","All 3,521 original-DCD hot/quench pairs; axes match the excluding-H-only version. The contrast exposes the denominator contribution of H-only fragments.",early_earth_analysis_v2/analysis/advisor_figures/notebook/exports/F19_mean_heavy_atoms_vs_frame_including_H_only,Catalog copy; source remains authoritative,75899e28be9edb39c3377b99f8625f242a25d6416610cac906a79d02b370bb00,216613
early_earth_analysis_v2/analysis/advisor_figures/notebook/exports/F20_heavy_atom_variety_abundance.pdf,early_earth_analysis_v2/analysis/advisor_figures/notebook/exports/F20_heavy_atom_variety_abundance.pdf,early_earth_analysis_v2/analysis/advisor_figures/notebook/exports/F20_heavy_atom_variety_abundance.pdf,05_composition_recurrence_and_topology/advisor_figures-notebook-exports__F20_heavy_atom_variety_abundance.pdf,17afd068ba983ab6c99dbd2ae6a9417fae9c550eeb4145ffc490175821e2faa0,19420,pdf,05_composition_recurrence_and_topology,"Composition, recurrence and topology",F20,current-notebook-export,Validated working candidate; author selection open,"Variety versus abundance, compositions, architecture, recurrence and topology motifs. Emitted strings, exact graphs and fragment occurrences have different denominators. F18 motifs are topology and clusters are browsing aids.",Heavy-atom variety versus fragment abundance,Separately normalized distributions and cumulative curves compare distinct strings with repeated occurrences: medians are 11 versus one non-H atom.,"Distinct emitted strings are representation-dependent; repeated occurrences are sampled observations, not confirmed species or yields. This export excludes H-only fragments from all three distributions; the notebook supports their zero-size bin as an alternative.",early_earth_analysis_v2/analysis/advisor_figures/notebook/exports/F20_heavy_atom_variety_abundance,Catalog copy; source remains authoritative,17afd068ba983ab6c99dbd2ae6a9417fae9c550eeb4145ffc490175821e2faa0,19420
early_earth_analysis_v2/analysis/advisor_figures/notebook/exports/F20_heavy_atom_variety_abundance.png,early_earth_analysis_v2/analysis/advisor_figures/notebook/exports/F20_heavy_atom_variety_abundance.png,early_earth_analysis_v2/analysis/advisor_figures/notebook/exports/F20_heavy_atom_variety_abundance.png,05_composition_recurrence_and_topology/advisor_figures-notebook-exports__F20_heavy_atom_variety_abundance.png,1dbaa01b10652239e3c9a7f78a94a7c99f97ada2c8d96030cfe6285033ac6b0d,183960,png,05_composition_recurrence_and_topology,"Composition, recurrence and topology",F20,current-notebook-export,Validated working candidate; author selection open,"Variety versus abundance, compositions, architecture, recurrence and topology motifs. Emitted strings, exact graphs and fragment occurrences have different denominators. F18 motifs are topology and clusters are browsing aids.",Heavy-atom variety versus fragment abundance,Separately normalized distributions and cumulative curves compare distinct strings with repeated occurrences: medians are 11 versus one non-H atom.,"Distinct emitted strings are representation-dependent; repeated occurrences are sampled observations, not confirmed species or yields. This export excludes H-only fragments from all three distributions; the notebook supports their zero-size bin as an alternative.",early_earth_analysis_v2/analysis/advisor_figures/notebook/exports/F20_heavy_atom_variety_abundance,Catalog copy; source remains authoritative,1dbaa01b10652239e3c9a7f78a94a7c99f97ada2c8d96030cfe6285033ac6b0d,183960
early_earth_analysis_v2/analysis/alanine_dihedral/results/F10_alanine_improper_torsion.png,early_earth_analysis_v2/analysis/alanine_dihedral/results/F10_alanine_improper_torsion.png,early_earth_analysis_v2/analysis/alanine_dihedral/results/F10_alanine_improper_torsion.png,02_alanine_and_conformations/alanine_dihedral-results__F10_alanine_improper_torsion.png,521aa86c3d0909df09b7b001ce485f24d3b6f340fe07189b736ff2a196b370a3,122334,png,02_alanine_and_conformations,Alanine and conformations,F10,analysis-output,Working/review asset; author selection open,"Alanine orientation, improper torsion and coordinate illustrations. F10 reproduces the 438,986-structure population and modes; it does not assign absolute stereochemistry, equilibrium or stability.",Alanine improper-torsion distribution,"The N–Cα–C(carboxyl)–Cβ improper-torsion histogram for 438,986 alanine-reference coordinate blocks has two modes at ±124.2°, describing the orientation of substituents around the central carbon.","The coordinate distribution does not assign absolute stereochemistry, equilibrium populations, or thermodynamic stability. Independent reconstruction reproduces the population and modes of the historical alanine histogram.",early_earth_analysis_v2/analysis/alanine_dihedral/results/F10_alanine_improper_torsion,Catalog copy; source remains authoritative,521aa86c3d0909df09b7b001ce485f24d3b6f340fe07189b736ff2a196b370a3,122334
early_earth_analysis_v2/analysis/energy_hysteresis/results/F09_energy_hysteresis_raw.pdf,early_earth_analysis_v2/analysis/energy_hysteresis/results/F09_energy_hysteresis_raw.pdf,early_earth_analysis_v2/analysis/energy_hysteresis/results/F09_energy_hysteresis_raw.pdf,01_energy_evolution/energy_hysteresis-results__F09_energy_hysteresis_raw.pdf,9ea408ff4ab1ab21a21e867cab3c5716f1e0736afb5d805fd715e7e73179a52d,4194975,pdf,01_energy_evolution,Energy evolution,F09,analysis-output,Working/review asset; author selection open,"Energetic evolution through heating, the high-temperature interval and cooling. F09 is source-bound, but the historical displayed-axis transformation remains unresolved; do not compare it numerically with reconstructed raw totals.",Potential-energy distribution during heating and cooling,"A two-dimensional density plot of 366,067 temperature–potential-energy observations shows separate heating and cooling branches, a dense high-temperature population, and a lower final low-temperature energy region.","Raw source totals are distinct from the unresolved transformed axis in the historical manuscript image. Energy alone does not identify a reaction or product. This figure was reconstructed independently from retained LAMMPS thermodynamic records; “raw” identifies untransformed energy totals, not a logarithmic vertical axis.",early_earth_analysis_v2/analysis/energy_hysteresis/results/F09_energy_hysteresis_raw,Catalog copy; source remains authoritative,9ea408ff4ab1ab21a21e867cab3c5716f1e0736afb5d805fd715e7e73179a52d,4194975
early_earth_analysis_v2/analysis/energy_hysteresis/results/F09_energy_hysteresis_raw.png,early_earth_analysis_v2/analysis/energy_hysteresis/results/F09_energy_hysteresis_raw.png,early_earth_analysis_v2/analysis/energy_hysteresis/results/F09_energy_hysteresis_raw.png,01_energy_evolution/energy_hysteresis-results__F09_energy_hysteresis_raw.png,2e642512aec09c9e078e8ed12c9a630dbb3fd510f270c0e8ff10eed8d4cb173d,155579,png,01_energy_evolution,Energy evolution,F09,analysis-output,Working/review asset; author selection open,"Energetic evolution through heating, the high-temperature interval and cooling. F09 is source-bound, but the historical displayed-axis transformation remains unresolved; do not compare it numerically with reconstructed raw totals.",Potential-energy distribution during heating and cooling,"A two-dimensional density plot of 366,067 temperature–potential-energy observations shows separate heating and cooling branches, a dense high-temperature population, and a lower final low-temperature energy region.","Raw source totals are distinct from the unresolved transformed axis in the historical manuscript image. Energy alone does not identify a reaction or product. This figure was reconstructed independently from retained LAMMPS thermodynamic records; “raw” identifies untransformed energy totals, not a logarithmic vertical axis.",early_earth_analysis_v2/analysis/energy_hysteresis/results/F09_energy_hysteresis_raw,Catalog copy; source remains authoritative,2e642512aec09c9e078e8ed12c9a630dbb3fd510f270c0e8ff10eed8d4cb173d,155579
